yy_from,mm_from,dd_from,yy_to,mm_to,dd_to,heat_supply_sum
2022,3,4,2022,3,13,14919.357094935756
2022,3,18,2022,3,23,14709.08550279058
