yy_from,mm_from,dd_from,yy_to,mm_to,dd_to,heat_supply_sum
2022,3,4,2022,3,13,20239.266039655806
2022,3,18,2022,3,23,6048.603830897059
