yy_from,mm_from,dd_from,yy_to,mm_to,dd_to,heat_supply_sum
2022,3,4,2022,3,13,20223.351468311368
2022,3,18,2022,3,23,6061.963929874818
